package_body,level,bake_temp_125c_exceeding_72h,bake_temp_125c_within_72h,bake_temp_90c_exceeding_72h,bake_temp_90c_within_72h,bake_temp_40c_exceeding_72h,bake_temp_40c_within_72h
<0.5mm,2,Not Required,Not Required,Not Required,Not Required,Not Required,Not Required
<0.5mm,2a,1 hour,1 hour,2 hours,1 hour,12 hours,8 hours
<0.5mm,3,1 hour,1 hour,3 hours,1 hour,22 hours,8 hours
<0.5mm,4,1 hour,1 hour,3 hours,1 hour,22 hours,8 hours
<0.5mm,5,1 hour,1 hour,3 hours,1 hour,23 hours,8 hours
<0.5mm,5a,1 hour,1 hour,4 hours,1 hour,26 hours,8 hours
>0.5mm and ≤0.8mm,2,Not Required,Not Required,Not Required,Not Required,Not Required,Not Required
>0.5mm and ≤0.8mm,2s,4 hours,3 hours,15 hours,16 hours,4 days,3 days
>0.5mm and ≤0.8mm,3,4 hours,3 hours,15 hours,13 hours,4 days,3 days
>0.5mm and ≤0.8mm,4,4 hours,3 hours,16 hours,13 hours,4 days,3 days
>0.5mm and ≤0.8mm,5,4 hours,3 hours,16 hours,13 hours,4 days,3 days
>0.5mm and ≤0.8mm,5a,4 hours,3 hours,16 hours,13 hours,4 days,3 days
>0.8mm and ≤1.4mm,2,Not Required,Not Required,Not Required,Not Required,Not Required,Not Required
>0.8mm and ≤1.4mm,2a,8 hours,6 hours,25 hours,20 hours,8 days,7 days
>0.8mm and ≤1.4mm,3,8 hours,6 hours,25 hours,20 hours,8 days,7 days
>0.8mm and ≤1.4mm,4,9 hours,6 hours,27 hours,20 hours,10 days,7 days
>0.8mm and ≤1.4mm,5,10 hours,6 hours,28 hours,20 hours,11 days,7 days
>0.8mm and ≤1.4mm,5a,11 hours,6 hours,30 hours,20 hours,12 days,7 days
>1.4mm and ≤2.0mm,2,18 hours,15 hours,63 hours,2 days,25 days,20 days
>1.4mm and ≤2.0mm,2a,21 hours,16 hours,3 days,2 days,29 days,22 days
>1.4mm and ≤2.0mm,3,27 hours,17 hours,4 days,2 days,37 days,23 days
>1.4mm and ≤2.0mm,4,34 hours,20 hours,5 days,3 days,47 days,28 days
>1.4mm and ≤2.0mm,5,40 hours,25 hours,6 days,4 days,57 days,35 days
>1.4mm and ≤2.0mm,5a,48 hours,40 hours,8 days,6 days,79 days,56 days
>2.0mm and ≤4.5mm,2,48 hours,48 hours,10 days,7 days,79 days,67 days
>2.0mm and ≤4.5mm,2a,48 hours,48 hours,10 days,7 days,79 days,67 days
>2.0mm and ≤4.5mm,3,48 hours,48 hours,10 days,8 days,79 days,67 days
>2.0mm and ≤4.5mm,4,48 hours,48 hours,10 days,10 days,79 days,67 days
>2.0mm and ≤4.5mm,5,48 hours,48 hours,10 days,10 days,79 days,67 days
>2.0mm and ≤4.5mm,5a,48 hours,48 hours,10 days,10 days,79 days,67 days
>17mm x 17mm BGA,2-5a,96 hours,As above,Not applicable,As above,Not applicable,As above